1,2026-01-05 12:02:58.649195 +00:00
2,2026-01-05 12:02:58.721756 +00:00
3,2026-01-05 12:02:58.723369 +00:00
4,2026-01-05 12:02:58.728430 +00:00
5,2026-01-05 12:02:58.728101 +00:00
7,2026-01-05 12:02:58.735575 +00:00
8,2026-01-05 12:02:58.730826 +00:00
6,2026-01-05 12:02:58.734844 +00:00
9,2026-01-05 12:03:00.689138 +00:00
10,2026-01-05 12:03:00.702905 +00:00
11,2026-01-05 12:03:00.726633 +00:00
12,2026-01-05 12:03:00.738197 +00:00
13,2026-01-05 12:03:00.748243 +00:00
14,2026-01-05 12:03:00.777431 +00:00
15,2026-01-05 12:03:00.788582 +00:00
16,2026-01-05 12:03:00.798336 +00:00
17,2026-01-05 12:03:02.583452 +00:00
18,2026-01-05 12:03:02.597231 +00:00
19,2026-01-05 12:03:02.608530 +00:00
20,2026-01-05 12:03:02.621333 +00:00
21,2026-01-05 12:03:02.629720 +00:00
22,2026-01-05 12:03:02.709679 +00:00
23,2026-01-05 12:03:02.711407 +00:00
24,2026-01-05 12:03:02.753005 +00:00
25,2026-01-05 12:03:04.613672 +00:00
26,2026-01-05 12:03:04.619971 +00:00
27,2026-01-05 12:03:04.632491 +00:00
28,2026-01-05 12:03:15.367240 +00:00
29,2026-01-05 12:03:15.406337 +00:00
30,2026-01-05 12:03:15.406460 +00:00
31,2026-01-05 12:03:15.412695 +00:00
32,2026-01-05 12:03:15.417005 +00:00
33,2026-01-05 12:03:15.418575 +00:00
34,2026-01-05 12:03:15.419687 +00:00
35,2026-01-05 12:03:15.425340 +00:00
36,2026-01-05 12:03:51.206677 +00:00
37,2026-01-05 12:03:51.255262 +00:00
38,2026-01-05 12:03:51.253937 +00:00
39,2026-01-05 12:03:51.256470 +00:00
40,2026-01-05 12:03:51.261831 +00:00
42,2026-01-05 12:03:51.261455 +00:00
41,2026-01-05 12:03:51.254471 +00:00
43,2026-01-05 12:03:51.268112 +00:00
44,2026-01-05 12:03:53.170723 +00:00
45,2026-01-05 12:03:53.180796 +00:00
46,2026-01-05 12:03:53.197895 +00:00
47,2026-01-05 12:03:53.197918 +00:00
48,2026-01-05 12:03:53.209817 +00:00
49,2026-01-05 12:03:53.235993 +00:00
50,2026-01-05 12:03:53.236762 +00:00
51,2026-01-05 12:03:53.296051 +00:00
52,2026-01-05 12:03:55.067480 +00:00
53,2026-01-05 12:03:55.106282 +00:00
54,2026-01-05 12:03:55.108909 +00:00
55,2026-01-05 12:03:55.122930 +00:00
56,2026-01-05 12:03:55.133194 +00:00
57,2026-01-05 12:03:55.159030 +00:00
58,2026-01-05 12:03:55.218326 +00:00
59,2026-01-05 12:03:55.262697 +00:00
60,2026-01-05 12:03:56.973154 +00:00
61,2026-01-05 12:03:56.999439 +00:00
62,2026-01-05 12:03:57.065170 +00:00
63,2026-01-05 12:03:57.088417 +00:00
64,2026-01-05 12:03:57.119514 +00:00
65,2026-01-05 12:03:57.135101 +00:00
66,2026-01-05 12:03:57.148741 +00:00
67,2026-01-05 12:03:57.245081 +00:00
68,2026-01-05 12:03:58.836262 +00:00
69,2026-01-05 12:03:58.866764 +00:00
70,2026-01-05 12:03:58.986974 +00:00
71,2026-01-05 12:03:58.991799 +00:00
72,2026-01-05 12:03:58.996618 +00:00
73,2026-01-05 12:03:59.020475 +00:00
74,2026-01-05 12:03:59.026385 +00:00
75,2026-01-05 12:03:59.230175 +00:00
76,2026-01-05 12:04:00.718898 +00:00
77,2026-01-05 12:04:00.796269 +00:00
78,2026-01-05 12:04:00.868726 +00:00
79,2026-01-05 12:04:00.981056 +00:00
80,2026-01-05 12:04:01.005002 +00:00
81,2026-01-05 12:04:01.008346 +00:00
82,2026-01-05 12:04:01.044422 +00:00
83,2026-01-05 12:04:01.267494 +00:00
84,2026-01-05 12:04:02.647345 +00:00
85,2026-01-05 12:04:02.705839 +00:00
86,2026-01-05 12:04:02.746457 +00:00
87,2026-01-05 12:04:02.876108 +00:00
88,2026-01-05 12:04:02.878205 +00:00
89,2026-01-05 12:04:02.898167 +00:00
90,2026-01-05 12:04:02.991951 +00:00
91,2026-01-05 12:04:03.236873 +00:00
92,2026-01-05 12:04:04.573545 +00:00
93,2026-01-05 12:04:04.575405 +00:00
94,2026-01-05 12:04:04.641452 +00:00
95,2026-01-05 12:04:04.765568 +00:00
96,2026-01-05 12:04:04.769716 +00:00
97,2026-01-05 12:04:04.779442 +00:00
98,2026-01-05 12:04:04.997371 +00:00
99,2026-01-05 12:04:05.161696 +00:00
100,2026-01-05 12:04:25.911332 +00:00
101,2026-01-05 12:04:25.957827 +00:00
103,2026-01-05 12:04:25.957653 +00:00
102,2026-01-05 12:04:25.957741 +00:00
104,2026-01-05 12:04:25.958676 +00:00
105,2026-01-05 12:04:25.962961 +00:00
106,2026-01-05 12:04:25.962949 +00:00
107,2026-01-05 12:04:25.969259 +00:00
108,2026-01-05 12:04:28.546468 +00:00
109,2026-01-05 12:04:28.603890 +00:00
110,2026-01-05 12:04:28.632762 +00:00
111,2026-01-05 12:04:28.677459 +00:00
112,2026-01-05 12:04:28.685346 +00:00
113,2026-01-05 12:04:28.735498 +00:00
114,2026-01-05 12:04:28.760297 +00:00
115,2026-01-05 12:04:28.767444 +00:00
116,2026-01-05 12:04:30.778166 +00:00
117,2026-01-05 12:04:30.782713 +00:00
118,2026-01-05 12:04:30.811331 +00:00
119,2026-01-05 12:04:30.857367 +00:00
120,2026-01-05 12:04:30.876701 +00:00
121,2026-01-05 12:04:30.893500 +00:00
122,2026-01-05 12:04:30.943939 +00:00
123,2026-01-05 12:04:31.000624 +00:00
124,2026-01-05 12:04:34.934410 +00:00
125,2026-01-05 12:04:34.938228 +00:00
126,2026-01-05 12:04:34.957928 +00:00
127,2026-01-05 12:04:35.087970 +00:00
128,2026-01-05 12:04:35.289015 +00:00
129,2026-01-05 12:04:35.292023 +00:00
130,2026-01-05 12:04:35.519626 +00:00
131,2026-01-05 12:04:35.805508 +00:00
132,2026-01-05 12:04:38.497044 +00:00
133,2026-01-05 12:04:38.506295 +00:00
134,2026-01-05 12:04:38.522280 +00:00
135,2026-01-05 12:04:38.539177 +00:00
136,2026-01-05 12:04:38.571568 +00:00
137,2026-01-05 12:04:38.602851 +00:00
138,2026-01-05 12:04:38.713943 +00:00
139,2026-01-05 12:04:38.833612 +00:00
140,2026-01-05 12:04:40.523872 +00:00
141,2026-01-05 12:04:40.538793 +00:00
142,2026-01-05 12:04:40.561504 +00:00
143,2026-01-05 12:04:40.603569 +00:00
144,2026-01-05 12:04:40.610155 +00:00
145,2026-01-05 12:04:40.658294 +00:00
146,2026-01-05 12:04:40.798861 +00:00
147,2026-01-05 12:04:41.046089 +00:00
148,2026-01-05 12:04:43.104002 +00:00
149,2026-01-05 12:04:43.143418 +00:00
150,2026-01-05 12:04:43.153801 +00:00
151,2026-01-05 12:04:43.201105 +00:00
152,2026-01-05 12:04:43.277363 +00:00
153,2026-01-05 12:04:43.292349 +00:00
154,2026-01-05 12:04:43.433131 +00:00
155,2026-01-05 12:04:43.668571 +00:00
156,2026-01-05 12:04:45.254733 +00:00
157,2026-01-05 12:04:45.284742 +00:00
158,2026-01-05 12:04:45.319208 +00:00
159,2026-01-05 12:04:45.394180 +00:00
160,2026-01-05 12:04:45.519819 +00:00
161,2026-01-05 12:04:45.593180 +00:00
162,2026-01-05 12:04:45.666171 +00:00
163,2026-01-05 12:04:46.037679 +00:00
164,2026-01-05 12:05:41.582582 +00:00
165,2026-01-05 12:05:41.687742 +00:00
166,2026-01-05 12:05:41.714608 +00:00
168,2026-01-05 12:05:41.728128 +00:00
167,2026-01-05 12:05:41.715319 +00:00
169,2026-01-05 12:05:41.743186 +00:00
170,2026-01-05 12:05:41.744011 +00:00
171,2026-01-05 12:05:41.743863 +00:00
172,2026-01-05 12:05:44.101864 +00:00
173,2026-01-05 12:05:44.135824 +00:00
174,2026-01-05 12:05:44.184073 +00:00
175,2026-01-05 12:05:44.201139 +00:00
176,2026-01-05 12:05:44.248047 +00:00
177,2026-01-05 12:05:44.280436 +00:00
178,2026-01-05 12:05:44.280797 +00:00
179,2026-01-05 12:05:44.293051 +00:00
180,2026-01-05 12:05:47.267845 +00:00
181,2026-01-05 12:05:47.292950 +00:00
182,2026-01-05 12:05:47.332481 +00:00
183,2026-01-05 12:05:47.364759 +00:00
184,2026-01-05 12:05:47.418276 +00:00
185,2026-01-05 12:05:47.447622 +00:00
186,2026-01-05 12:05:47.503652 +00:00
187,2026-01-05 12:05:47.545905 +00:00
188,2026-01-05 12:05:49.311470 +00:00
189,2026-01-05 12:05:49.340548 +00:00
190,2026-01-05 12:05:49.501141 +00:00
198,2026-01-05 12:05:51.498275 +00:00
199,2026-01-05 12:05:51.561419 +00:00
200,2026-01-05 12:05:51.605488 +00:00
201,2026-01-05 12:05:51.668518 +00:00
202,2026-01-05 12:05:51.691496 +00:00
203,2026-01-05 12:05:51.753815 +00:00
204,2026-01-05 12:05:53.517839 +00:00
205,2026-01-05 12:05:53.599886 +00:00
206,2026-01-05 12:05:53.644437 +00:00
207,2026-01-05 12:05:53.745240 +00:00
208,2026-01-05 12:05:53.771801 +00:00
209,2026-01-05 12:05:53.779458 +00:00
210,2026-01-05 12:05:53.862937 +00:00
211,2026-01-05 12:05:53.929929 +00:00
212,2026-01-05 12:05:55.599069 +00:00
213,2026-01-05 12:05:55.666154 +00:00
214,2026-01-05 12:05:55.721567 +00:00
215,2026-01-05 12:05:55.825084 +00:00
222,2026-01-05 12:05:57.781551 +00:00
223,2026-01-05 12:05:57.795139 +00:00
224,2026-01-05 12:05:57.830227 +00:00
225,2026-01-05 12:05:57.887197 +00:00
226,2026-01-05 12:05:58.153791 +00:00
227,2026-01-05 12:05:58.214525 +00:00
228,2026-01-05 12:05:59.704882 +00:00
229,2026-01-05 12:05:59.914641 +00:00
230,2026-01-05 12:05:59.957321 +00:00
241,2026-01-05 12:06:02.151215 +00:00
242,2026-01-05 12:06:02.458201 +00:00
243,2026-01-05 12:06:02.586634 +00:00
244,2026-01-05 12:06:03.807935 +00:00
245,2026-01-05 12:06:04.025707 +00:00
246,2026-01-05 12:06:04.076420 +00:00
247,2026-01-05 12:06:04.089115 +00:00
248,2026-01-05 12:06:04.148149 +00:00
249,2026-01-05 12:06:04.172869 +00:00
250,2026-01-05 12:06:04.493840 +00:00
251,2026-01-05 12:06:04.582610 +00:00
252,2026-01-05 12:06:05.770090 +00:00
253,2026-01-05 12:06:05.975980 +00:00
254,2026-01-05 12:06:06.052640 +00:00
255,2026-01-05 12:06:06.110446 +00:00
256,2026-01-05 12:06:06.121528 +00:00
257,2026-01-05 12:06:06.152883 +00:00
258,2026-01-05 12:06:06.526327 +00:00
259,2026-01-05 12:06:06.615055 +00:00
260,2026-01-05 12:06:07.717721 +00:00
261,2026-01-05 12:06:07.978775 +00:00
262,2026-01-05 12:06:08.091315 +00:00
263,2026-01-05 12:06:08.136864 +00:00
191,2026-01-05 12:05:49.503888 +00:00
192,2026-01-05 12:05:49.521158 +00:00
193,2026-01-05 12:05:49.597951 +00:00
194,2026-01-05 12:05:49.617045 +00:00
195,2026-01-05 12:05:49.659517 +00:00
196,2026-01-05 12:05:51.377409 +00:00
197,2026-01-05 12:05:51.495109 +00:00
216,2026-01-05 12:05:55.826793 +00:00
217,2026-01-05 12:05:55.860764 +00:00
218,2026-01-05 12:05:56.077231 +00:00
219,2026-01-05 12:05:56.089896 +00:00
220,2026-01-05 12:05:57.636796 +00:00
221,2026-01-05 12:05:57.771607 +00:00
231,2026-01-05 12:05:59.960087 +00:00
240,2026-01-05 12:06:02.147094 +00:00
264,2026-01-05 12:06:08.138435 +00:00
271,2026-01-05 12:06:10.099003 +00:00
232,2026-01-05 12:06:00.026719 +00:00
233,2026-01-05 12:06:00.110033 +00:00
234,2026-01-05 12:06:00.360814 +00:00
235,2026-01-05 12:06:00.517013 +00:00
236,2026-01-05 12:06:01.819820 +00:00
237,2026-01-05 12:06:02.088476 +00:00
238,2026-01-05 12:06:02.125325 +00:00
239,2026-01-05 12:06:02.145162 +00:00
265,2026-01-05 12:06:08.141894 +00:00
266,2026-01-05 12:06:08.524610 +00:00
267,2026-01-05 12:06:08.584198 +00:00
268,2026-01-05 12:06:09.558910 +00:00
269,2026-01-05 12:06:09.972097 +00:00
270,2026-01-05 12:06:10.093690 +00:00
272,2026-01-05 12:06:10.104709 +00:00
273,2026-01-05 12:06:10.122302 +00:00
274,2026-01-05 12:06:10.652754 +00:00
275,2026-01-05 12:06:10.674964 +00:00
276,2026-01-05 12:06:11.657187 +00:00
277,2026-01-05 12:06:12.099632 +00:00
278,2026-01-05 12:06:12.201632 +00:00
279,2026-01-05 12:06:12.233685 +00:00
280,2026-01-05 12:06:12.245914 +00:00
281,2026-01-05 12:06:12.299187 +00:00
282,2026-01-05 12:06:12.730432 +00:00
283,2026-01-05 12:06:12.777863 +00:00
284,2026-01-05 12:06:13.660053 +00:00
285,2026-01-05 12:06:14.094772 +00:00
286,2026-01-05 12:06:14.182892 +00:00
287,2026-01-05 12:06:14.297950 +00:00
288,2026-01-05 12:06:14.318128 +00:00
289,2026-01-20 09:04:24.243609 +00:00
290,2026-01-20 09:04:24.290008 +00:00
291,2026-01-20 09:04:24.292109 +00:00
292,2026-01-20 09:04:24.296238 +00:00
294,2026-01-20 09:04:24.300075 +00:00
293,2026-01-20 09:04:24.300532 +00:00
295,2026-01-20 09:04:24.309986 +00:00
296,2026-01-20 09:04:24.305716 +00:00
297,2026-01-20 09:04:27.415436 +00:00
298,2026-01-20 09:04:27.422901 +00:00
299,2026-01-20 09:04:27.430155 +00:00
300,2026-01-20 09:04:27.435906 +00:00
301,2026-01-20 09:04:27.437974 +00:00
302,2026-01-20 09:04:27.481737 +00:00
303,2026-01-20 09:04:27.501937 +00:00
304,2026-01-20 09:04:27.537201 +00:00
305,2026-01-20 09:04:29.381192 +00:00
306,2026-01-20 09:04:29.426203 +00:00
307,2026-01-20 09:04:29.457270 +00:00
308,2026-01-20 09:04:29.505096 +00:00
309,2026-01-20 09:04:29.538018 +00:00
310,2026-01-20 09:04:29.563148 +00:00
311,2026-01-20 09:04:29.577386 +00:00
312,2026-01-20 09:04:29.651620 +00:00
313,2026-01-20 09:04:31.441642 +00:00
314,2026-01-20 09:04:31.481615 +00:00
315,2026-01-20 09:04:31.554043 +00:00
316,2026-01-20 09:04:31.573772 +00:00
317,2026-01-20 09:04:31.670348 +00:00
318,2026-01-20 09:04:31.739876 +00:00
319,2026-01-20 09:04:31.756161 +00:00
320,2026-01-20 09:04:31.873990 +00:00
321,2026-01-20 09:04:34.206699 +00:00
322,2026-01-20 09:04:34.230088 +00:00
323,2026-01-20 09:04:34.318989 +00:00
324,2026-01-20 09:04:34.415057 +00:00
325,2026-01-20 09:04:34.460137 +00:00
326,2026-01-20 09:04:34.565943 +00:00
327,2026-01-20 09:04:34.608591 +00:00
328,2026-01-20 09:04:34.765459 +00:00
329,2026-01-20 09:04:36.783754 +00:00
330,2026-01-20 09:04:36.794468 +00:00
331,2026-01-20 09:04:36.811574 +00:00
332,2026-01-20 09:04:36.947296 +00:00
333,2026-01-20 09:04:36.950644 +00:00
334,2026-01-20 09:04:37.070918 +00:00
335,2026-01-20 09:04:37.179796 +00:00
336,2026-01-20 09:04:37.363702 +00:00
337,2026-01-20 09:04:39.049220 +00:00
338,2026-01-20 09:04:39.116008 +00:00
339,2026-01-20 09:04:39.239497 +00:00
340,2026-01-20 09:04:39.306417 +00:00
341,2026-01-20 09:04:39.386931 +00:00
342,2026-01-20 09:04:39.540571 +00:00
343,2026-01-20 09:04:39.613384 +00:00
344,2026-01-20 09:04:39.949377 +00:00
345,2026-01-20 09:07:02.620418 +00:00
346,2026-01-20 09:07:02.662158 +00:00
347,2026-01-20 09:07:02.666124 +00:00
348,2026-01-20 09:07:02.673426 +00:00
349,2026-01-20 09:07:02.680454 +00:00
350,2026-01-20 09:07:02.683231 +00:00
351,2026-01-20 09:07:02.684572 +00:00
352,2026-01-20 09:07:02.694429 +00:00
353,2026-01-20 09:07:04.573668 +00:00
354,2026-01-20 09:07:04.638488 +00:00
355,2026-01-20 09:07:04.645815 +00:00
356,2026-01-20 09:07:04.652133 +00:00
357,2026-01-20 09:07:04.673126 +00:00
358,2026-01-20 09:07:04.694272 +00:00
359,2026-01-20 09:07:04.730783 +00:00
360,2026-01-20 09:07:04.737111 +00:00
361,2026-01-20 09:07:06.594365 +00:00
362,2026-01-20 09:07:06.716962 +00:00
363,2026-01-20 09:07:06.759178 +00:00
364,2026-01-20 09:07:06.775406 +00:00
365,2026-01-20 09:07:06.780101 +00:00
366,2026-01-20 09:07:06.781325 +00:00
367,2026-01-20 09:07:06.798719 +00:00
368,2026-01-20 09:07:06.825175 +00:00
369,2026-01-20 09:07:09.876912 +00:00
370,2026-01-20 09:07:10.218135 +00:00
371,2026-01-20 09:07:10.291320 +00:00
372,2026-01-20 09:07:10.318550 +00:00
373,2026-01-20 09:07:10.358703 +00:00
374,2026-01-20 09:07:10.379760 +00:00
375,2026-01-20 09:07:10.386517 +00:00
376,2026-01-20 09:07:10.396595 +00:00
377,2026-01-20 09:07:12.256372 +00:00
378,2026-01-20 09:07:12.430528 +00:00
379,2026-01-20 09:07:12.444627 +00:00
380,2026-01-20 09:07:12.486646 +00:00
381,2026-01-20 09:07:12.509284 +00:00
382,2026-01-20 09:07:12.569244 +00:00
383,2026-01-20 09:07:12.574784 +00:00
384,2026-01-20 09:07:12.593750 +00:00
385,2026-01-20 09:07:14.169928 +00:00
386,2026-01-20 09:07:14.376472 +00:00
387,2026-01-20 09:07:14.377187 +00:00
388,2026-01-20 09:07:14.417283 +00:00
389,2026-01-20 09:07:14.421162 +00:00
390,2026-01-20 09:07:14.537846 +00:00
391,2026-01-20 09:07:14.538572 +00:00
392,2026-01-20 09:07:14.594432 +00:00
393,2026-01-20 09:07:16.321541 +00:00
394,2026-01-20 09:07:16.505580 +00:00
395,2026-01-20 09:07:16.508323 +00:00
396,2026-01-20 09:07:16.536561 +00:00
397,2026-01-20 09:07:16.598853 +00:00
398,2026-01-20 09:07:16.662716 +00:00
399,2026-01-20 09:07:16.666181 +00:00
400,2026-01-20 09:07:16.755790 +00:00
401,2026-01-20 09:07:18.257706 +00:00
402,2026-01-20 09:07:18.433700 +00:00
403,2026-01-20 09:07:18.457981 +00:00
404,2026-01-20 09:07:18.546552 +00:00
405,2026-01-20 09:07:18.663050 +00:00
406,2026-01-20 09:07:18.669534 +00:00
407,2026-01-20 09:07:18.694765 +00:00
408,2026-01-20 09:07:18.752521 +00:00
409,2026-01-20 09:07:20.645972 +00:00
410,2026-01-20 09:07:20.853257 +00:00
411,2026-01-20 09:07:21.001970 +00:00
412,2026-01-20 09:07:21.117272 +00:00
413,2026-01-20 09:07:21.152137 +00:00
414,2026-01-20 09:07:21.185927 +00:00
415,2026-01-20 09:07:21.211766 +00:00
416,2026-01-20 09:07:21.300035 +00:00
417,2026-01-20 09:07:22.907326 +00:00
418,2026-01-20 09:07:23.035409 +00:00
419,2026-01-20 09:07:23.082391 +00:00
420,2026-01-20 09:07:23.244245 +00:00
421,2026-01-20 09:07:23.308628 +00:00
422,2026-01-20 09:07:23.400372 +00:00
423,2026-01-20 09:07:23.408080 +00:00
424,2026-01-20 09:07:23.493948 +00:00
425,2026-01-20 09:07:24.834978 +00:00
426,2026-01-20 09:07:24.882855 +00:00
427,2026-01-20 09:07:25.004965 +00:00
428,2026-01-20 09:07:25.211204 +00:00
429,2026-01-20 09:07:25.234062 +00:00
430,2026-01-20 09:07:25.357320 +00:00
431,2026-01-20 09:07:25.372849 +00:00
432,2026-01-20 09:07:25.484423 +00:00
433,2026-01-20 09:07:27.028747 +00:00
434,2026-01-20 09:07:27.112853 +00:00
435,2026-01-20 09:07:27.229379 +00:00
436,2026-01-20 09:07:27.464005 +00:00
437,2026-01-20 09:07:27.508711 +00:00
438,2026-01-20 09:07:27.580389 +00:00
439,2026-01-20 09:07:27.628027 +00:00
440,2026-01-20 09:07:27.698277 +00:00
441,2026-01-20 09:07:28.943833 +00:00
442,2026-01-20 09:07:29.031153 +00:00
443,2026-01-20 09:07:29.180055 +00:00
444,2026-01-20 09:07:29.392944 +00:00
448,2026-01-20 09:07:29.588666 +00:00
449,2026-01-20 09:07:30.942940 +00:00
450,2026-01-20 09:07:30.972376 +00:00
451,2026-01-20 09:07:31.234935 +00:00
452,2026-01-20 09:07:31.345089 +00:00
453,2026-01-20 09:07:31.402424 +00:00
454,2026-01-20 09:07:31.548882 +00:00
455,2026-01-20 09:07:31.596789 +00:00
456,2026-01-20 09:07:31.632951 +00:00
457,2026-01-20 09:07:32.782958 +00:00
458,2026-01-20 09:07:32.850732 +00:00
459,2026-01-20 09:07:33.138110 +00:00
460,2026-01-20 09:07:33.284282 +00:00
461,2026-01-20 09:07:33.311924 +00:00
462,2026-01-20 09:07:33.511197 +00:00
469,2026-01-20 09:07:35.336162 +00:00
445,2026-01-20 09:07:29.397030 +00:00
446,2026-01-20 09:07:29.551507 +00:00
447,2026-01-20 09:07:29.585418 +00:00
463,2026-01-20 09:07:33.517166 +00:00
464,2026-01-20 09:07:33.531162 +00:00
465,2026-01-20 09:07:34.692403 +00:00
466,2026-01-20 09:07:34.758134 +00:00
467,2026-01-20 09:07:35.165230 +00:00
468,2026-01-20 09:07:35.333341 +00:00
470,2026-01-20 09:07:51.452826 +00:00
471,2026-01-20 09:07:51.494967 +00:00
474,2026-01-20 09:07:51.494298 +00:00
473,2026-01-20 09:07:51.501302 +00:00
472,2026-01-20 09:07:51.495960 +00:00
475,2026-01-20 09:07:51.520731 +00:00
476,2026-01-20 09:07:51.520744 +00:00
477,2026-01-20 09:07:51.526622 +00:00
478,2026-01-20 09:07:53.483454 +00:00
479,2026-01-20 09:07:53.509242 +00:00
480,2026-01-20 09:07:53.520513 +00:00
481,2026-01-20 09:07:53.538696 +00:00
482,2026-01-20 09:07:53.538720 +00:00
483,2026-01-20 09:07:53.544577 +00:00
484,2026-01-20 09:07:53.561213 +00:00
485,2026-01-20 09:07:53.589047 +00:00
486,2026-01-20 09:07:55.445608 +00:00
487,2026-01-20 09:07:55.472611 +00:00
488,2026-01-20 09:07:55.497260 +00:00
489,2026-01-20 09:07:55.498600 +00:00
490,2026-01-20 09:07:55.506480 +00:00
491,2026-01-20 09:07:55.508216 +00:00
492,2026-01-20 09:07:55.530279 +00:00
493,2026-01-20 09:07:55.627449 +00:00
494,2026-01-20 09:07:57.544760 +00:00
495,2026-01-20 09:07:57.583465 +00:00
496,2026-01-20 09:07:57.590489 +00:00
497,2026-01-20 09:07:57.600570 +00:00
498,2026-01-20 09:07:57.610210 +00:00
499,2026-01-20 09:07:57.619166 +00:00
500,2026-01-20 09:07:57.655960 +00:00
501,2026-01-20 09:07:57.829921 +00:00
502,2026-01-20 09:07:59.550966 +00:00
503,2026-01-20 09:07:59.551758 +00:00
504,2026-01-20 09:07:59.555012 +00:00
505,2026-01-20 09:07:59.565683 +00:00
506,2026-01-20 09:07:59.576315 +00:00
507,2026-01-20 09:07:59.602878 +00:00
508,2026-01-20 09:07:59.641328 +00:00
509,2026-01-20 09:07:59.820670 +00:00
510,2026-01-20 09:08:01.569273 +00:00
511,2026-01-20 09:08:01.574149 +00:00
512,2026-01-20 09:08:01.580636 +00:00
513,2026-01-20 09:08:01.589752 +00:00
514,2026-01-20 09:08:01.605213 +00:00
515,2026-01-20 09:08:01.631556 +00:00
516,2026-01-20 09:08:01.636201 +00:00
517,2026-01-20 09:08:01.804889 +00:00
518,2026-01-20 09:08:03.471579 +00:00
519,2026-01-20 09:08:03.519222 +00:00
520,2026-01-20 09:08:03.525831 +00:00
521,2026-01-20 09:08:03.548990 +00:00
522,2026-01-20 09:08:03.549431 +00:00
523,2026-01-20 09:08:03.601436 +00:00
524,2026-01-20 09:08:03.623660 +00:00
525,2026-01-20 09:08:03.753853 +00:00
526,2026-01-20 09:08:05.404740 +00:00
527,2026-01-20 09:08:05.429996 +00:00
528,2026-01-20 09:08:05.434010 +00:00
529,2026-01-20 09:08:05.442471 +00:00
530,2026-01-20 09:08:05.537788 +00:00
531,2026-01-20 09:08:05.538069 +00:00
532,2026-01-20 09:08:05.581652 +00:00
533,2026-01-20 09:08:05.718726 +00:00
534,2026-01-20 09:08:07.628043 +00:00
535,2026-01-20 09:08:07.636016 +00:00
536,2026-01-20 09:08:07.658004 +00:00
537,2026-01-20 09:08:07.678628 +00:00
538,2026-01-20 09:08:07.684440 +00:00
539,2026-01-20 09:08:07.775800 +00:00
540,2026-01-20 09:08:07.803228 +00:00
541,2026-01-20 09:08:07.889069 +00:00
542,2026-01-20 09:08:09.827394 +00:00
543,2026-01-20 09:08:09.892835 +00:00
544,2026-01-20 09:08:09.896416 +00:00
545,2026-01-20 09:08:09.914377 +00:00
546,2026-01-20 09:08:09.946429 +00:00
547,2026-01-20 09:08:09.967238 +00:00
548,2026-01-20 09:08:10.101160 +00:00
549,2026-01-20 09:08:10.117231 +00:00
550,2026-01-20 09:08:13.146680 +00:00
551,2026-01-20 09:08:13.194191 +00:00
552,2026-01-20 09:08:13.208608 +00:00
553,2026-01-20 09:08:13.228647 +00:00
554,2026-01-20 09:08:13.289554 +00:00
555,2026-01-20 09:08:13.325402 +00:00
556,2026-01-20 09:08:13.479939 +00:00
557,2026-01-20 09:08:13.661120 +00:00
558,2026-01-20 09:08:15.500790 +00:00
559,2026-01-20 09:08:15.538300 +00:00
560,2026-01-20 09:08:15.599915 +00:00
561,2026-01-20 09:08:15.624554 +00:00
562,2026-01-20 09:08:15.660564 +00:00
563,2026-01-20 09:08:15.672194 +00:00
564,2026-01-20 09:08:15.803872 +00:00
565,2026-01-20 09:08:17.013701 +00:00
566,2026-01-20 09:08:20.651045 +00:00
567,2026-01-20 09:08:20.725539 +00:00
568,2026-01-20 09:08:20.775352 +00:00
569,2026-01-20 09:08:20.784120 +00:00
570,2026-01-20 09:08:20.802869 +00:00
571,2026-01-20 09:08:20.851583 +00:00
572,2026-01-20 09:08:21.018435 +00:00
573,2026-01-20 09:08:21.305122 +00:00
574,2026-01-20 09:08:22.943028 +00:00
575,2026-01-20 09:08:22.948194 +00:00
576,2026-01-20 09:08:23.052977 +00:00
577,2026-01-20 09:08:23.137037 +00:00
578,2026-01-20 09:08:23.150523 +00:00
579,2026-01-20 09:08:23.213088 +00:00
580,2026-01-20 09:08:23.317998 +00:00
581,2026-01-20 09:08:23.593631 +00:00
582,2026-01-20 09:08:25.253071 +00:00
583,2026-01-20 09:08:25.325442 +00:00
584,2026-01-20 09:08:25.559947 +00:00
585,2026-01-20 09:08:25.715253 +00:00
586,2026-01-20 09:08:26.106197 +00:00
587,2026-01-20 09:08:26.127692 +00:00
588,2026-01-20 09:08:26.438500 +00:00
589,2026-01-20 09:08:26.838266 +00:00
590,2026-01-20 09:08:28.647772 +00:00
591,2026-01-20 09:08:28.917450 +00:00
592,2026-01-20 09:08:28.932599 +00:00
593,2026-01-20 09:08:29.259612 +00:00
594,2026-01-20 09:08:29.288673 +00:00
595,2026-01-20 09:14:18.418747 +00:00
596,2026-01-20 09:14:18.531045 +00:00
597,2026-01-20 09:14:18.533553 +00:00
598,2026-01-20 09:14:18.547430 +00:00
600,2026-01-20 09:14:18.546595 +00:00
599,2026-01-20 09:14:18.546958 +00:00
601,2026-01-20 09:14:18.547962 +00:00
602,2026-01-20 09:14:18.557475 +00:00
603,2026-01-20 09:14:21.341318 +00:00
604,2026-01-20 09:14:21.341373 +00:00
605,2026-01-20 09:14:21.366126 +00:00
606,2026-01-20 09:14:21.366155 +00:00
607,2026-01-20 09:14:21.375697 +00:00
608,2026-01-20 09:14:21.396125 +00:00
609,2026-01-20 09:14:21.536987 +00:00
610,2026-01-20 09:14:21.800120 +00:00
611,2026-01-20 09:14:23.331714 +00:00
612,2026-01-20 09:14:23.368227 +00:00
613,2026-01-20 09:14:23.445288 +00:00
614,2026-01-20 09:14:23.481587 +00:00
615,2026-01-20 09:14:23.584595 +00:00
616,2026-01-20 09:14:23.636184 +00:00
617,2026-01-20 09:14:23.730059 +00:00
618,2026-01-20 09:14:24.006217 +00:00
619,2026-01-20 09:14:25.473814 +00:00
620,2026-01-20 09:14:25.499161 +00:00
621,2026-01-20 09:14:25.846652 +00:00
622,2026-01-20 09:14:25.849156 +00:00
623,2026-01-20 09:14:25.868576 +00:00
624,2026-01-20 09:14:26.150918 +00:00
625,2026-01-20 09:14:26.219148 +00:00
626,2026-01-20 09:14:26.574526 +00:00
627,2026-01-20 09:14:27.750049 +00:00
628,2026-01-20 09:14:27.785980 +00:00
629,2026-01-20 09:14:27.906997 +00:00
630,2026-01-20 09:14:27.927060 +00:00
631,2026-01-20 09:14:27.956027 +00:00
632,2026-01-20 09:14:28.195692 +00:00
633,2026-01-20 09:14:28.317327 +00:00
634,2026-01-20 09:14:28.705283 +00:00
635,2026-01-20 09:14:29.695471 +00:00
636,2026-01-20 09:14:29.862096 +00:00
637,2026-01-20 09:14:29.910689 +00:00
638,2026-01-20 09:14:29.950548 +00:00
639,2026-01-20 09:14:29.983269 +00:00
640,2026-01-20 09:14:30.239954 +00:00
641,2026-01-20 09:14:30.388692 +00:00
642,2026-01-20 09:14:30.792135 +00:00
643,2026-01-20 09:14:31.800600 +00:00
644,2026-01-20 09:14:31.950066 +00:00
645,2026-01-20 09:14:31.982009 +00:00
646,2026-01-20 09:14:32.025419 +00:00
660,2026-01-20 09:14:35.938263 +00:00
661,2026-01-20 09:14:36.051084 +00:00
662,2026-01-20 09:14:36.186299 +00:00
663,2026-01-20 09:14:36.196941 +00:00
664,2026-01-20 09:14:36.601682 +00:00
665,2026-01-20 09:14:36.605356 +00:00
666,2026-01-20 09:14:37.252358 +00:00
667,2026-01-20 09:14:37.998156 +00:00
668,2026-01-20 09:14:38.016029 +00:00
669,2026-01-20 09:14:38.211783 +00:00
670,2026-01-20 09:14:38.330971 +00:00
671,2026-01-20 09:14:38.388908 +00:00
672,2026-01-20 09:14:38.585072 +00:00
673,2026-01-20 09:14:38.617527 +00:00
674,2026-01-20 09:14:39.276198 +00:00
675,2026-01-20 09:14:39.943584 +00:00
676,2026-01-20 09:14:40.002742 +00:00
677,2026-01-20 09:14:40.153363 +00:00
678,2026-01-20 09:14:40.227620 +00:00
679,2026-01-20 09:14:40.440550 +00:00
680,2026-01-20 09:14:40.632518 +00:00
681,2026-01-20 09:14:40.658251 +00:00
682,2026-01-20 09:14:41.407089 +00:00
683,2026-01-20 09:14:41.975298 +00:00
684,2026-01-20 09:14:42.107869 +00:00
685,2026-01-20 09:14:42.244807 +00:00
702,2026-01-20 09:14:46.363439 +00:00
703,2026-01-20 09:14:46.602629 +00:00
704,2026-01-20 09:14:46.774049 +00:00
705,2026-01-20 09:14:46.966843 +00:00
706,2026-01-20 09:14:47.652374 +00:00
707,2026-01-20 09:14:48.108563 +00:00
708,2026-01-20 09:14:48.236121 +00:00
709,2026-01-20 09:14:48.458704 +00:00
647,2026-01-20 09:14:32.030751 +00:00
648,2026-01-20 09:14:32.313022 +00:00
649,2026-01-20 09:14:32.423822 +00:00
650,2026-01-20 09:14:32.882188 +00:00
651,2026-01-20 09:14:33.798237 +00:00
652,2026-01-20 09:14:33.924044 +00:00
653,2026-01-20 09:14:33.951662 +00:00
654,2026-01-20 09:14:34.008524 +00:00
655,2026-01-20 09:14:34.099642 +00:00
656,2026-01-20 09:14:34.346002 +00:00
657,2026-01-20 09:14:34.413949 +00:00
658,2026-01-20 09:14:34.961044 +00:00
659,2026-01-20 09:14:35.936370 +00:00
686,2026-01-20 09:14:42.250785 +00:00
687,2026-01-20 09:14:42.503615 +00:00
688,2026-01-20 09:14:42.729572 +00:00
689,2026-01-20 09:14:42.787867 +00:00
690,2026-01-20 09:14:43.492833 +00:00
691,2026-01-20 09:14:43.976130 +00:00
692,2026-01-20 09:14:44.246696 +00:00
693,2026-01-20 09:14:44.331237 +00:00
694,2026-01-20 09:14:44.363340 +00:00
695,2026-01-20 09:14:44.560550 +00:00
696,2026-01-20 09:14:44.760774 +00:00
697,2026-01-20 09:14:44.868008 +00:00
698,2026-01-20 09:14:45.571716 +00:00
699,2026-01-20 09:14:46.079951 +00:00
700,2026-01-20 09:14:46.216649 +00:00
701,2026-01-20 09:14:46.355563 +00:00
710,2026-01-20 09:14:48.459694 +00:00
711,2026-01-20 09:14:48.653163 +00:00
712,2026-01-20 09:14:48.726696 +00:00
713,2026-01-20 09:14:49.004082 +00:00
714,2026-01-20 09:14:49.714887 +00:00
715,2026-01-20 09:14:50.128353 +00:00
716,2026-01-20 09:14:50.307269 +00:00
717,2026-01-20 09:14:50.498968 +00:00
718,2026-01-20 09:14:50.546811 +00:00
719,2026-01-20 09:14:50.783066 +00:00
720,2026-01-20 09:17:48.746998 +00:00
721,2026-01-20 09:17:48.800173 +00:00
722,2026-01-20 09:17:48.805981 +00:00
724,2026-01-20 09:17:48.808909 +00:00
725,2026-01-20 09:17:48.809631 +00:00
723,2026-01-20 09:17:48.810150 +00:00
726,2026-01-20 09:17:48.826845 +00:00
727,2026-01-20 09:17:48.827327 +00:00
728,2026-01-20 09:17:51.904158 +00:00
729,2026-01-20 09:17:51.918703 +00:00
730,2026-01-20 09:17:51.926347 +00:00
731,2026-01-20 09:17:51.935710 +00:00
732,2026-01-20 09:17:51.935757 +00:00
733,2026-01-20 09:17:51.943800 +00:00
734,2026-01-20 09:17:51.968904 +00:00
735,2026-01-20 09:17:51.975738 +00:00
736,2026-01-20 09:17:54.393923 +00:00
737,2026-01-20 09:17:54.396803 +00:00
738,2026-01-20 09:17:54.406896 +00:00
739,2026-01-20 09:17:54.418014 +00:00
740,2026-01-20 09:17:54.434562 +00:00
741,2026-01-20 09:17:54.495877 +00:00
742,2026-01-20 09:17:54.523145 +00:00
743,2026-01-20 09:17:54.527896 +00:00
744,2026-01-20 09:17:56.434138 +00:00
745,2026-01-20 09:17:56.494670 +00:00
746,2026-01-20 09:17:56.585610 +00:00
747,2026-01-20 09:17:56.589945 +00:00
748,2026-01-20 09:17:56.641582 +00:00
749,2026-01-20 09:17:56.717236 +00:00
750,2026-01-20 09:17:57.022421 +00:00
751,2026-01-20 09:17:57.072841 +00:00
752,2026-01-20 09:18:00.679141 +00:00
753,2026-01-20 09:18:00.699049 +00:00
754,2026-01-20 09:18:01.090092 +00:00
755,2026-01-20 09:18:01.161347 +00:00
756,2026-01-20 09:18:01.246987 +00:00
757,2026-01-20 09:18:01.294659 +00:00
758,2026-01-20 09:18:01.573935 +00:00
759,2026-01-20 09:18:01.581971 +00:00
760,2026-01-20 09:18:01.993795 +00:00
761,2026-01-20 09:18:02.052863 +00:00
762,2026-01-20 09:18:02.056783 +00:00
764,2026-01-20 09:18:02.061243 +00:00
763,2026-01-20 09:18:02.061259 +00:00
765,2026-01-20 09:18:02.087046 +00:00
766,2026-01-20 09:18:02.087121 +00:00
767,2026-01-20 09:18:02.103748 +00:00
768,2026-01-20 09:18:05.037495 +00:00
769,2026-01-20 09:18:05.038207 +00:00
770,2026-01-20 09:18:05.194791 +00:00
771,2026-01-20 09:18:05.409530 +00:00
772,2026-01-20 09:18:05.481123 +00:00
773,2026-01-20 09:18:05.522459 +00:00
774,2026-01-20 09:18:05.540331 +00:00
775,2026-01-20 09:18:05.826125 +00:00
776,2026-01-20 09:18:05.838599 +00:00
777,2026-01-20 09:18:05.975131 +00:00
778,2026-01-20 09:18:06.123302 +00:00
779,2026-01-20 09:18:06.175011 +00:00
780,2026-01-20 09:18:06.290630 +00:00
781,2026-01-20 09:18:06.331870 +00:00
782,2026-01-20 09:18:06.331806 +00:00
783,2026-01-20 09:18:06.344197 +00:00
784,2026-01-20 09:18:09.007310 +00:00
785,2026-01-20 09:18:09.227790 +00:00
786,2026-01-20 09:18:09.514545 +00:00
787,2026-01-20 09:18:10.179110 +00:00
788,2026-01-20 09:18:10.208574 +00:00
789,2026-01-20 09:18:10.337546 +00:00
790,2026-01-20 09:18:10.621387 +00:00
791,2026-01-20 09:18:10.919595 +00:00
792,2026-01-20 09:18:11.069023 +00:00
793,2026-01-20 09:18:11.320105 +00:00
794,2026-01-20 09:18:11.389164 +00:00
795,2026-01-20 09:18:11.433626 +00:00
796,2026-01-20 09:18:11.439364 +00:00
797,2026-01-20 09:18:11.570584 +00:00
798,2026-01-20 09:18:11.661262 +00:00
799,2026-01-20 09:18:11.726649 +00:00
800,2026-01-20 09:18:14.082968 +00:00
801,2026-01-20 09:18:14.126543 +00:00
802,2026-01-20 09:18:14.232380 +00:00
803,2026-01-20 09:18:14.362551 +00:00
804,2026-01-20 09:18:15.030420 +00:00
805,2026-01-20 09:18:15.126566 +00:00
806,2026-01-20 09:18:15.543705 +00:00
807,2026-01-20 09:18:16.020685 +00:00
808,2026-01-20 09:18:16.125419 +00:00
809,2026-01-20 09:18:16.337785 +00:00
810,2026-01-20 09:18:16.399507 +00:00
811,2026-01-20 09:18:16.516574 +00:00
812,2026-01-20 09:18:16.785936 +00:00
813,2026-01-20 09:18:17.011671 +00:00
814,2026-01-20 09:18:17.086242 +00:00
815,2026-01-20 09:18:17.216036 +00:00
816,2026-01-20 09:18:19.379550 +00:00
817,2026-01-20 09:18:19.630281 +00:00
818,2026-01-20 09:18:19.660146 +00:00
819,2026-01-20 09:18:20.159767 +00:00
820,2026-01-20 09:18:20.425813 +00:00
821,2026-01-20 09:18:20.475179 +00:00
822,2026-01-20 09:18:20.571198 +00:00
823,2026-01-20 09:18:20.843294 +00:00
824,2026-01-20 09:18:20.897055 +00:00
825,2026-01-20 09:18:20.969172 +00:00
826,2026-01-20 09:18:21.049318 +00:00
827,2026-01-20 09:18:21.115760 +00:00
828,2026-01-20 09:18:21.116746 +00:00
829,2026-01-20 09:18:21.366434 +00:00
830,2026-01-20 09:18:21.379948 +00:00
831,2026-01-20 09:18:21.541967 +00:00
832,2026-01-20 09:18:23.097904 +00:00
833,2026-01-20 09:18:23.156680 +00:00
834,2026-01-20 09:18:23.387454 +00:00
835,2026-01-20 09:18:23.495746 +00:00
836,2026-01-20 09:18:24.106164 +00:00
837,2026-01-20 09:18:24.274102 +00:00
838,2026-01-20 09:18:24.412407 +00:00
839,2026-01-20 09:18:24.678624 +00:00
840,2026-01-20 09:18:24.822697 +00:00
841,2026-01-20 09:18:24.868446 +00:00
842,2026-01-20 09:18:25.193691 +00:00
843,2026-01-20 09:18:25.207273 +00:00
844,2026-01-20 09:18:25.356939 +00:00
845,2026-01-20 09:18:25.584465 +00:00
846,2026-01-20 09:18:25.902023 +00:00
847,2026-01-20 09:18:26.203272 +00:00
848,2026-01-20 09:18:27.730746 +00:00
849,2026-01-20 09:18:27.768771 +00:00
850,2026-01-20 09:18:28.075033 +00:00
851,2026-01-20 09:18:28.148409 +00:00
852,2026-01-20 09:18:28.336365 +00:00
853,2026-01-20 09:18:28.875916 +00:00
854,2026-01-20 09:18:29.007793 +00:00
855,2026-01-20 09:18:29.199400 +00:00
856,2026-01-20 09:18:29.566470 +00:00
857,2026-01-20 09:18:29.613198 +00:00
858,2026-01-20 09:18:29.782815 +00:00
859,2026-01-20 09:18:29.974620 +00:00
860,2026-01-20 09:18:30.112965 +00:00
861,2026-01-20 09:18:30.343286 +00:00
862,2026-01-20 09:18:30.406505 +00:00
863,2026-01-20 09:18:30.431364 +00:00
864,2026-01-20 09:18:32.205785 +00:00
865,2026-01-20 09:18:32.352794 +00:00
866,2026-01-20 09:18:32.751388 +00:00
867,2026-01-20 09:18:32.905644 +00:00
868,2026-01-20 09:18:33.069749 +00:00
869,2026-01-20 09:18:33.692597 +00:00
870,2026-01-20 09:18:34.132639 +00:00
871,2026-01-20 09:18:34.144611 +00:00
880,2026-01-20 09:18:36.238733 +00:00
881,2026-01-20 09:18:36.978062 +00:00
882,2026-01-20 09:18:37.112825 +00:00
883,2026-01-20 09:18:37.521425 +00:00
884,2026-01-20 09:18:37.688720 +00:00
885,2026-01-20 09:18:37.912124 +00:00
886,2026-01-20 09:18:38.874242 +00:00
888,2026-01-20 09:18:39.710037 +00:00
896,2026-01-20 09:18:41.528298 +00:00
897,2026-01-20 09:18:41.998765 +00:00
898,2026-01-20 09:18:42.111602 +00:00
899,2026-01-20 09:18:42.411335 +00:00
900,2026-01-20 09:18:42.751628 +00:00
901,2026-01-20 09:18:43.328744 +00:00
903,2026-01-20 09:18:44.510563 +00:00
904,2026-01-20 09:18:44.573785 +00:00
912,2026-01-20 09:18:46.422733 +00:00
913,2026-01-20 09:18:46.783975 +00:00
914,2026-01-20 09:18:46.934569 +00:00
915,2026-01-20 09:18:47.180997 +00:00
916,2026-01-20 09:18:47.471396 +00:00
872,2026-01-20 09:18:34.694545 +00:00
873,2026-01-20 09:18:34.726763 +00:00
874,2026-01-20 09:18:34.771054 +00:00
891,2026-01-20 09:18:40.229472 +00:00
892,2026-01-20 09:18:40.600039 +00:00
893,2026-01-20 09:18:40.872154 +00:00
894,2026-01-20 09:18:40.919314 +00:00
895,2026-01-20 09:18:41.163666 +00:00
902,2026-01-20 09:18:44.429222 +00:00
905,2026-01-20 09:18:45.016416 +00:00
906,2026-01-20 09:18:45.133086 +00:00
907,2026-01-20 09:18:45.139031 +00:00
908,2026-01-20 09:18:45.433851 +00:00
909,2026-01-20 09:18:45.725418 +00:00
910,2026-01-20 09:18:45.770340 +00:00
911,2026-01-20 09:18:46.107679 +00:00
918,2026-01-20 09:18:48.867417 +00:00
921,2026-01-20 09:18:49.398281 +00:00
922,2026-01-20 09:18:49.406009 +00:00
923,2026-01-20 09:18:49.412634 +00:00
924,2026-01-20 09:18:49.806479 +00:00
925,2026-01-20 09:18:50.081790 +00:00
926,2026-01-20 09:18:50.366063 +00:00
928,2026-01-20 09:18:50.953944 +00:00
933,2026-01-20 09:18:52.758467 +00:00
934,2026-01-20 09:18:53.228431 +00:00
935,2026-01-20 09:18:53.331190 +00:00
936,2026-01-20 09:18:53.388540 +00:00
937,2026-01-20 09:18:53.904842 +00:00
938,2026-01-20 09:18:54.038447 +00:00
939,2026-01-20 09:18:54.417531 +00:00
940,2026-01-20 09:18:54.623497 +00:00
941,2026-01-20 09:18:56.006758 +00:00
942,2026-01-20 09:18:56.228812 +00:00
943,2026-01-20 09:18:56.255140 +00:00
944,2026-01-20 09:18:56.268842 +00:00
945,2026-01-20 09:18:56.729297 +00:00
875,2026-01-20 09:18:34.776162 +00:00
876,2026-01-20 09:18:34.877099 +00:00
877,2026-01-20 09:18:35.330112 +00:00
878,2026-01-20 09:18:35.400889 +00:00
879,2026-01-20 09:18:35.549565 +00:00
887,2026-01-20 09:18:39.323827 +00:00
889,2026-01-20 09:18:40.034505 +00:00
890,2026-01-20 09:18:40.215720 +00:00
946,2026-01-20 09:18:56.732552 +00:00
947,2026-01-20 09:18:57.001414 +00:00
948,2026-01-20 09:18:57.122917 +00:00
949,2026-01-20 09:18:58.991663 +00:00
950,2026-01-20 09:18:59.185702 +00:00
951,2026-01-20 09:18:59.224668 +00:00
952,2026-01-20 09:18:59.273738 +00:00
953,2026-01-20 09:18:59.895526 +00:00
954,2026-01-20 09:19:00.287858 +00:00
955,2026-01-20 09:19:00.624833 +00:00
956,2026-01-20 09:19:00.661541 +00:00
917,2026-01-20 09:18:48.787178 +00:00
919,2026-01-20 09:18:48.934426 +00:00
920,2026-01-20 09:18:49.092376 +00:00
927,2026-01-20 09:18:50.852002 +00:00
929,2026-01-20 09:18:51.271295 +00:00
930,2026-01-20 09:18:51.730724 +00:00
931,2026-01-20 09:18:51.768654 +00:00
932,2026-01-20 09:18:52.211957 +00:00
957,2026-01-20 09:19:02.124506 +00:00
958,2026-01-20 09:19:02.180386 +00:00
959,2026-01-20 09:19:02.191905 +00:00
960,2026-01-20 09:19:02.646455 +00:00
961,2026-01-20 09:19:03.360980 +00:00
962,2026-01-20 09:19:03.722091 +00:00
963,2026-01-20 09:19:03.754850 +00:00
964,2026-01-20 09:19:03.808152 +00:00
965,2026-01-20 09:19:05.348641 +00:00
966,2026-01-20 09:19:05.431887 +00:00
967,2026-01-20 09:19:05.454729 +00:00
968,2026-01-20 09:19:05.583330 +00:00
969,2026-01-20 09:19:05.980621 +00:00
970,2026-01-21 13:38:52.291865 +00:00
971,2026-01-21 13:38:52.440971 +00:00
972,2026-01-21 13:38:52.962136 +00:00
973,2026-01-21 13:38:52.961450 +00:00
974,2026-01-21 13:38:53.101304 +00:00
975,2026-01-21 13:38:53.114072 +00:00
977,2026-01-21 13:38:53.178731 +00:00
976,2026-01-21 13:38:53.174851 +00:00
978,2026-01-21 13:38:56.032275 +00:00
979,2026-01-21 13:38:56.050959 +00:00
980,2026-01-21 13:38:56.081725 +00:00
981,2026-01-21 13:38:56.327960 +00:00
982,2026-01-21 13:38:56.360744 +00:00
983,2026-01-21 13:38:56.387364 +00:00
984,2026-01-21 13:38:56.416665 +00:00
985,2026-01-21 13:38:56.557870 +00:00
986,2026-01-21 13:38:59.399373 +00:00
987,2026-01-21 13:38:59.463169 +00:00
988,2026-01-21 13:38:59.485135 +00:00
989,2026-01-21 13:38:59.486717 +00:00
990,2026-01-21 13:38:59.519725 +00:00
991,2026-01-21 13:38:59.544171 +00:00
992,2026-01-21 13:38:59.559805 +00:00
993,2026-01-21 13:38:59.661530 +00:00
994,2026-01-21 13:39:01.621951 +00:00
995,2026-01-21 13:39:01.708981 +00:00
996,2026-01-21 13:39:01.738771 +00:00
997,2026-01-21 13:39:01.748819 +00:00
998,2026-01-21 13:39:01.750141 +00:00
999,2026-01-21 13:39:01.772911 +00:00
1000,2026-01-21 13:39:01.836000 +00:00
1001,2026-01-21 13:39:01.919561 +00:00
1002,2026-01-21 13:39:03.536866 +00:00
1003,2026-01-21 13:39:03.615329 +00:00
1004,2026-01-21 13:39:03.687591 +00:00
1005,2026-01-21 13:39:03.705511 +00:00
1006,2026-01-21 13:39:03.732559 +00:00
1007,2026-01-21 13:39:03.805730 +00:00
1008,2026-01-21 13:39:03.813079 +00:00
1009,2026-01-21 13:39:03.914153 +00:00
1010,2026-01-21 13:39:05.593644 +00:00
1011,2026-01-21 13:39:05.604318 +00:00
1012,2026-01-21 13:39:05.669602 +00:00
1013,2026-01-21 13:39:05.669744 +00:00
1014,2026-01-21 13:39:05.699674 +00:00
1015,2026-01-21 13:39:05.775532 +00:00
1016,2026-01-21 13:39:05.813765 +00:00
1017,2026-01-21 13:39:05.855446 +00:00
1018,2026-01-21 13:39:07.487571 +00:00
1019,2026-01-21 13:39:07.522249 +00:00
1020,2026-01-21 13:39:07.539371 +00:00
1021,2026-01-21 13:39:07.618855 +00:00
1022,2026-01-21 13:39:07.664930 +00:00
1023,2026-01-21 13:39:07.766902 +00:00
1024,2026-01-21 13:39:07.796596 +00:00
1025,2026-01-21 13:39:07.808670 +00:00
1026,2026-01-21 13:39:09.378687 +00:00
1027,2026-01-21 13:39:09.397795 +00:00
1028,2026-01-21 13:39:09.452453 +00:00
1029,2026-01-21 13:39:09.530921 +00:00
1030,2026-01-21 13:39:09.557722 +00:00
1031,2026-01-21 13:39:09.882391 +00:00
1032,2026-01-21 13:39:09.898136 +00:00
1033,2026-01-21 13:39:09.984339 +00:00
1034,2026-01-21 13:39:11.798476 +00:00
1035,2026-01-21 13:39:11.806613 +00:00
1036,2026-01-21 13:39:11.816370 +00:00
1037,2026-01-21 13:39:11.940223 +00:00
1038,2026-01-21 13:39:11.993343 +00:00
1039,2026-01-21 13:39:12.178838 +00:00
1040,2026-01-21 13:39:12.215346 +00:00
1041,2026-01-21 13:39:12.337044 +00:00
1042,2026-01-21 13:39:13.707521 +00:00
1043,2026-01-21 13:39:13.802454 +00:00
1044,2026-01-21 13:39:13.894724 +00:00
1045,2026-01-21 13:39:13.920880 +00:00
1046,2026-01-21 13:39:14.094251 +00:00
1047,2026-01-21 13:39:14.289823 +00:00
1048,2026-01-21 13:39:14.321673 +00:00
1049,2026-01-21 13:39:14.360514 +00:00
1050,2026-01-21 13:39:15.740798 +00:00
1051,2026-01-21 13:39:15.835855 +00:00
1052,2026-01-21 13:39:15.937448 +00:00
1053,2026-01-21 13:39:15.955232 +00:00
1054,2026-01-21 13:39:15.969307 +00:00
1055,2026-01-21 13:39:16.219910 +00:00
1056,2026-01-21 13:39:16.336522 +00:00
1057,2026-01-21 13:39:16.340885 +00:00
1058,2026-01-21 13:39:17.655972 +00:00
1059,2026-01-21 13:39:17.765377 +00:00
1060,2026-01-21 13:39:17.881597 +00:00
1061,2026-01-21 13:39:17.888661 +00:00
1062,2026-01-21 13:39:17.919253 +00:00
1063,2026-01-21 13:39:18.149344 +00:00
1064,2026-01-21 13:39:18.286069 +00:00
1065,2026-01-21 13:39:18.377527 +00:00
1066,2026-01-21 13:39:19.614891 +00:00
1067,2026-01-21 13:39:19.622774 +00:00
1068,2026-01-21 13:39:19.831063 +00:00
1069,2026-01-21 13:39:19.835723 +00:00
1070,2026-01-21 13:39:19.839250 +00:00
1071,2026-01-21 13:39:20.185990 +00:00
1072,2026-01-21 13:39:20.367402 +00:00
1073,2026-01-21 13:39:20.428422 +00:00
1074,2026-01-21 13:39:21.687038 +00:00
1075,2026-01-21 13:39:21.751111 +00:00
1076,2026-01-21 13:39:21.903655 +00:00
1077,2026-01-21 13:39:21.934480 +00:00
1078,2026-01-21 13:39:21.948961 +00:00
1079,2026-01-21 13:39:22.306420 +00:00
1080,2026-01-21 13:39:22.384819 +00:00
1081,2026-01-21 13:39:22.527912 +00:00
1082,2026-01-21 13:39:23.732616 +00:00
1083,2026-01-21 13:39:23.773157 +00:00
1084,2026-01-21 13:39:23.871465 +00:00
1085,2026-01-21 13:39:23.911547 +00:00
1086,2026-01-21 13:39:23.920223 +00:00
1087,2026-01-21 13:39:24.349382 +00:00
1088,2026-01-21 13:39:24.482849 +00:00
1089,2026-01-21 13:39:24.713057 +00:00
1090,2026-01-21 13:39:25.797181 +00:00
1091,2026-01-21 13:39:25.949840 +00:00
1092,2026-01-21 13:39:25.961085 +00:00
1093,2026-01-21 13:39:25.967160 +00:00
1094,2026-01-21 13:39:26.045233 +00:00
